ID,Title,Location
https://www.saramin.co.kr/zf_user/jobs/relay/view?isMypage=no&rec_idx=46064052,NHN 아카데미 채용연계형 개발자 부트캠프 연수생 모집,경남김해시
https://www.saramin.co.kr/zf_user/jobs/relay/view?isMypage=no&rec_idx=46256668,㈜셀트리온 제조 분야 신입/경력 수시채용('23.07.31~08.15),인천연수구
https://www.saramin.co.kr/zf_user/jobs/relay/view?isMypage=no&rec_idx=46227772,2023년 기술직(전환형) 및 제3차 기간제 직원 채용,서울영등포구
https://www.saramin.co.kr/zf_user/jobs/relay/view?isMypage=no&rec_idx=46253363,㈜hy 하반기 공채 채용전환형 인턴(직무별) & 경력(IT/데이터) 모집,서울서초구
https://www.saramin.co.kr/zf_user/jobs/relay/view?isMypage=no&rec_idx=46268578,[주3일 원격근무] 2023년 8월 직무별 신입/경력 대규모 인재채용,서울구로구
https://www.saramin.co.kr/zf_user/jobs/relay/view?isMypage=no&rec_idx=46081347,각 부문 신입 / 경력 채용,경기군포시
https://www.saramin.co.kr/zf_user/jobs/relay/view?isMypage=no&rec_idx=46058221,2023년 하반기 kt MOS북부 신입/경력 채용,서울강북구
https://www.saramin.co.kr/zf_user/jobs/relay/view?isMypage=no&rec_idx=46207242,알피바이오 신입/경력 채용,서울강남구
https://www.saramin.co.kr/zf_user/jobs/relay/view?isMypage=no&rec_idx=45750005,딥노이드 신입 ·경력 채용공고,서울구로구
https://www.saramin.co.kr/zf_user/jobs/relay/view?isMypage=no&rec_idx=46257573,2023년 텐마인즈그룹 각 부문별 신입/경력 채용,서울용산구
https://www.saramin.co.kr/zf_user/jobs/relay/view?isMypage=no&rec_idx=46273363,[이든앤앨리스마케팅] 마케팅 AE 경력직 채용,서울강남구
https://www.saramin.co.kr/zf_user/jobs/relay/view?isMypage=no&rec_idx=46213318,2023 전국 대규모 공개채용 [신입/경력] 경영지원 분야,전국
https://www.saramin.co.kr/zf_user/jobs/relay/view?isMypage=no&rec_idx=45737108,㈜위즈코리아/㈜위즈COK '23년 하반기 신입/경력 사원 모집,서울강서구
https://www.saramin.co.kr/zf_user/jobs/relay/view?isMypage=no&rec_idx=46238705,(경력) 파이썬 개발자 모집,서울구로구
https://www.saramin.co.kr/zf_user/jobs/relay/view?isMypage=no&rec_idx=46178239,㈜파이버프로 2023년도 부문별 채용공고,대전유성구
https://www.saramin.co.kr/zf_user/jobs/relay/view?isMypage=no&rec_idx=46228142,2023 그린카 각 부문 경력직 채용,서울강남구
https://www.saramin.co.kr/zf_user/jobs/relay/view?isMypage=no&rec_idx=46104534,[SK그룹 계열사 ㈜더비즈] 각 부문별 신입/경력 채용,서울서초구
https://www.saramin.co.kr/zf_user/jobs/relay/view?isMypage=no&rec_idx=46274075,[사업확장] 각 부문 신규 채용,경기성남시 분당구
https://www.saramin.co.kr/zf_user/jobs/relay/view?isMypage=no&rec_idx=46190869,[서울/용인] 각 부문 경력사원 채용,경기용인시 처인구
https://www.saramin.co.kr/zf_user/jobs/relay/view?isMypage=no&rec_idx=46270059,비알랩 핵심 직군 경력 채용,서울강남구
https://www.saramin.co.kr/zf_user/jobs/relay/view?isMypage=no&rec_idx=46267746,2023년 신입 및 경력 채용,경기성남시 분당구
https://www.saramin.co.kr/zf_user/jobs/relay/view?isMypage=no&rec_idx=46237902,HW integrator / SW-System Designer / Project Application Engineer / Personal Assistant 채용,경기용인시 기흥구
https://www.saramin.co.kr/zf_user/jobs/relay/view?isMypage=no&rec_idx=45716121,[현대오토에버] 전 부문 경력직 채용,서울강남구
https://www.saramin.co.kr/zf_user/jobs/relay/view?isMypage=no&rec_idx=46187607,[GLAD 서울/제주 호텔 & 리조트] 부문별 신입 및 경력 직원 채용,서울영등포구
https://www.saramin.co.kr/zf_user/jobs/relay/view?isMypage=no&rec_idx=46258636,2023년 8월 NE능률 신입 및 경력(수시) 채용,서울마포구
https://www.saramin.co.kr/zf_user/jobs/relay/view?isMypage=no&rec_idx=46263660,포스코홀딩스 미래기술연구원 연구기획 경력직 채용,경북포항시
https://www.saramin.co.kr/zf_user/jobs/relay/view?isMypage=no&rec_idx=46270618,(삼성SDS분사社) 비젠트로㈜ 하반기 경력/신입 공채(병역특례 가능),경기성남시
https://www.saramin.co.kr/zf_user/jobs/relay/view?isMypage=no&rec_idx=46113587,각 부문 신입/경력 채용 [BIZ개발/솔루션개발/기술지원/주차영업/영업지원/CS 외],서울강남구
https://www.saramin.co.kr/zf_user/jobs/relay/view?isMypage=no&rec_idx=46213194,[LG그룹] 비즈테크아이 JAVA/스마트팩토리 신입 인턴 채용,서울마포구
https://www.saramin.co.kr/zf_user/jobs/relay/view?isMypage=no&rec_idx=46181326,㈜솔탑 2023년 부문별 신입/경력사원 모집,대전유성구
https://www.saramin.co.kr/zf_user/jobs/relay/view?isMypage=no&rec_idx=46213640,[하나금융그룹 자회사] 경력직 수시 채용,서울중구
https://www.saramin.co.kr/zf_user/jobs/relay/view?isMypage=no&rec_idx=46266408,[에듀테크 스타트업 오누이] 분야별 채용,서울마포구
https://www.saramin.co.kr/zf_user/jobs/relay/view?isMypage=no&rec_idx=46271079,[SK바이오사이언스] 23년 3분기 HR분야별 신입/경력사원 채용,경기성남시 분당구
https://www.saramin.co.kr/zf_user/jobs/relay/view?isMypage=no&rec_idx=46268046,[DB하이텍 & DB글로벌칩] 경력사원 공개채용 (8월),경기부천시
https://www.saramin.co.kr/zf_user/jobs/relay/view?isMypage=no&rec_idx=46094187,[이그니스] 랩노쉬 2023년 공개채용,서울성동구
https://www.saramin.co.kr/zf_user/jobs/relay/view?isMypage=no&rec_idx=46239208,콘텐츠 기획/온라인 유통 MD/퍼포먼스 마케팅/CS 채용,서울강남구
https://www.saramin.co.kr/zf_user/jobs/relay/view?isMypage=no&rec_idx=45921611,서울대학교병원 데이터분석/머신러닝 연구원 및 대학원생 채용,서울종로구
https://www.saramin.co.kr/zf_user/jobs/relay/view?isMypage=no&rec_idx=46262538,경력직 채용 공고(사업 확장에 따른 인재 채용),서울종로구
https://www.saramin.co.kr/zf_user/jobs/relay/view?isMypage=no&rec_idx=46185239,메이크샵 사업부 대규모 인재 모집,서울금천구
https://www.saramin.co.kr/zf_user/jobs/relay/view?isMypage=no&rec_idx=46225538,도미노피자 각 부문 (자회사 포함) 공개 채용,서울강남구
https://www.saramin.co.kr/zf_user/jobs/relay/view?isMypage=no&rec_idx=46148137,2023년 하반기 각 부문 공개채용,부산강서구
https://www.saramin.co.kr/zf_user/jobs/relay/view?isMypage=no&rec_idx=46268168,㈜유니테스트 각 부문 신입 및 경력 채용,경기용인시 기흥구
https://www.saramin.co.kr/zf_user/jobs/relay/view?isMypage=no&rec_idx=46275301,[메타넷그룹] ㈜ 메타넷티플랫폼 AWS Engineer 대규모 채용,서울종로구
https://www.saramin.co.kr/zf_user/jobs/relay/view?isMypage=no&rec_idx=46148396,2023년 하반기 신입/경력 모집,경기성남시 수정구
https://www.saramin.co.kr/zf_user/jobs/relay/view?isMypage=no&rec_idx=46253980,(주)더캐리 정보혁신부 IT부문별 공개채용,서울용산구
https://www.saramin.co.kr/zf_user/jobs/relay/view?isMypage=no&rec_idx=46273550,[이든앤앨리스마케팅] 브랜드체험관 AE 경력직 채용,경기고양시 일산서구
https://www.saramin.co.kr/zf_user/jobs/relay/view?isMypage=no&rec_idx=45385266,각 분야 채용공고,서울용산구
https://www.saramin.co.kr/zf_user/jobs/relay/view?isMypage=no&rec_idx=46244655,㈜마이크로인피니티 수원사업장 정규직 사원 모집,경기수원시 영통구
https://www.saramin.co.kr/zf_user/jobs/relay/view?isMypage=no&rec_idx=46055369,2023년 에스피파트너스 하반기 채용 공고,대구동구
https://www.saramin.co.kr/zf_user/jobs/relay/view?isMypage=no&rec_idx=46037126,[아이디어키] 2023년 각 부문 신입/경력 채용,서울강남구
https://www.saramin.co.kr/zf_user/jobs/relay/view?isMypage=no&rec_idx=46260497,[신입/경력] Full-Stack Developer,경기전체
https://www.saramin.co.kr/zf_user/jobs/relay/view?isMypage=no&rec_idx=46070235,"태광그룹 ㈜티시스아이티 우수 ""IT 기술 리더"" 영입",서울중구
https://www.saramin.co.kr/zf_user/jobs/relay/view?isMypage=no&rec_idx=46225565,에이엠텔레콤㈜ 신입/경력 채용 모집,경기성남시 분당구
https://www.saramin.co.kr/zf_user/jobs/relay/view?isMypage=no&rec_idx=41757583,2023년 하반기 신입 및 경력 대규모 채용,서울금천구
https://www.saramin.co.kr/zf_user/jobs/relay/view?isMypage=no&rec_idx=46279179,Python(파이썬)개발자 모집 신입/경력 채용,서울강서구
https://www.saramin.co.kr/zf_user/jobs/relay/view?isMypage=no&rec_idx=46241947,[Python] 백엔드 개발자(3년 이상),서울서초구
https://www.saramin.co.kr/zf_user/jobs/relay/view?isMypage=no&rec_idx=46221437,[경력] Solution/SW개발자 채용 - JAVA/Spring/Python,서울강남구
https://www.saramin.co.kr/zf_user/jobs/relay/view?isMypage=no&rec_idx=41414828,백엔드 엔지니어 (Python),서울전체
https://www.saramin.co.kr/zf_user/jobs/relay/view?isMypage=no&rec_idx=44187454,"[아이티존]Python/Java-빅데이터솔루션개발(경력,정규직,대전)",대전전체
https://www.saramin.co.kr/zf_user/jobs/relay/view?isMypage=no&rec_idx=46005338,[파이썬/Python 경력] 머니쿤 체험단 서비스 개발자 채용,서울동대문구
https://www.saramin.co.kr/zf_user/jobs/relay/view?isMypage=no&rec_idx=46113540,"응용프로그램개발(Python, .NET, C#) 채용 공고",서울금천구
https://www.saramin.co.kr/zf_user/jobs/relay/view?isMypage=no&rec_idx=46199860,[AI번역 서비스] 백엔드 개발자-Python,서울서초구
https://www.saramin.co.kr/zf_user/jobs/relay/view?isMypage=no&rec_idx=46281522,글로벌 SNS 서비스의 주역이 되실 백엔드(Python) 개발자 채용,서울동대문구
https://www.saramin.co.kr/zf_user/jobs/relay/view?isMypage=no&rec_idx=44846739,"해석엔진개발 (C++, Python, MATLAB, CUDA)",서울전체
https://www.saramin.co.kr/zf_user/jobs/relay/view?isMypage=no&rec_idx=45931103,"웹개발자(Python, DJango)",서울성동구
https://www.saramin.co.kr/zf_user/jobs/relay/view?isMypage=no&rec_idx=46003696,Mind AI - Python Backend Engineer,서울중구
https://www.saramin.co.kr/zf_user/jobs/relay/view?isMypage=no&rec_idx=45226757,Python Backend Developer (Middle),서울강남구
https://www.saramin.co.kr/zf_user/jobs/relay/view?isMypage=no&rec_idx=45425126,Python Backend Developer (Senior),서울강남구
https://www.saramin.co.kr/zf_user/jobs/relay/view?isMypage=no&rec_idx=46106890,크립토택스팀에서 Python 개발자를 찾고 있어요,서울강남구
https://www.saramin.co.kr/zf_user/jobs/relay/view?isMypage=no&rec_idx=46243431,Python 개발자 모집,서울영등포구
https://www.saramin.co.kr/zf_user/jobs/relay/view?isMypage=no&rec_idx=46268614,[Python] 플랫폼 리드 개발자(Back/Front) 모집 (3년차 이상),서울서초구
https://www.saramin.co.kr/zf_user/jobs/relay/view?isMypage=no&rec_idx=46269147,"데이터분석/SQL, Python /세계적인 게임사/판교",경기성남시 분당구
https://www.saramin.co.kr/zf_user/jobs/relay/view?isMypage=no&rec_idx=46182361,하이트진로음료 각 부문 신입/경력 채용,경기용인시
https://www.saramin.co.kr/zf_user/jobs/relay/view?isMypage=no&rec_idx=46276347,"데이터분석/Python, R, Tableau 활용 능력/세계적인 게임사/판교",경기성남시 분당구
https://www.saramin.co.kr/zf_user/jobs/relay/view?isMypage=no&rec_idx=44768051,[경력] 서버 엔지니어 (Python),서울강남구
https://www.saramin.co.kr/zf_user/jobs/relay/view?isMypage=no&rec_idx=45973833,헬리오센(주) Python 응용S/W 개발자 경력 채용,경기성남시 분당구
https://www.saramin.co.kr/zf_user/jobs/relay/view?isMypage=no&rec_idx=46141986,Python 경력 채용,서울광진구
https://www.saramin.co.kr/zf_user/jobs/relay/view?isMypage=no&rec_idx=46207283,"[경력무관] 소프트웨어 개발자(C/C++, Python) 모집",대전유성구
https://www.saramin.co.kr/zf_user/jobs/relay/view?isMypage=no&rec_idx=46227758,이미지 서비스 플랫폼 Python 웹 개발자,서울강남구
https://www.saramin.co.kr/zf_user/jobs/relay/view?isMypage=no&rec_idx=46266794,"PL - MySQL, PostgreSQL, Python",서울전체
https://www.saramin.co.kr/zf_user/jobs/relay/view?isMypage=no&rec_idx=46134281,[경력/신입] 개발실 소프트웨어 개발자 모집(python 개발자 우대,경기구리시
https://www.saramin.co.kr/zf_user/jobs/relay/view?isMypage=no&rec_idx=46142180,"RPA, Python, Javascript 외 정규직 모집 공고(신입)",경기성남시 중원구
https://www.saramin.co.kr/zf_user/jobs/relay/view?isMypage=no&rec_idx=46217583,ROS2/Vision/MFC/C# Python Tensorflow CUDA yolo v5 개발직,충남천안시 동남구
https://www.saramin.co.kr/zf_user/jobs/relay/view?isMypage=no&rec_idx=46130067,"플랫폼개발(Python, Java) 경력직(3년이상) 채용",서울강남구
https://www.saramin.co.kr/zf_user/jobs/relay/view?isMypage=no&rec_idx=45150066,Python 개발자 채용,경기전체
https://www.saramin.co.kr/zf_user/jobs/relay/view?isMypage=no&rec_idx=46031768,Python 개발자 채용,경기용인시 기흥구
https://www.saramin.co.kr/zf_user/jobs/relay/view?isMypage=no&rec_idx=46180523,"Backend Engineer (Django, Python)",서울중구
https://www.saramin.co.kr/zf_user/jobs/relay/view?isMypage=no&rec_idx=46191413,"Sr. Back-end Engineer (백엔드 개발자, Python) - 글로벌 IT",서울강남구
https://www.saramin.co.kr/zf_user/jobs/relay/view?isMypage=no&rec_idx=46206329,[STO 투자 플랫폼] 백엔드 python 개발자 채용,서울구로구
https://www.saramin.co.kr/zf_user/jobs/relay/view?isMypage=no&rec_idx=46267505,"[어터] 백엔드 개발자(Python, Django) 채용",경기성남시 분당구
https://www.saramin.co.kr/zf_user/jobs/relay/view?isMypage=no&rec_idx=46258430,"보안 솔루션 개발/Go, Python",서울구로구
https://www.saramin.co.kr/zf_user/jobs/relay/view?isMypage=no&rec_idx=46215804,[(주)ATG 백엔드 개발자(JAVA / Python 가능자) 경력 채용],경기성남시 분당구
https://www.saramin.co.kr/zf_user/jobs/relay/view?isMypage=no&rec_idx=45950020,"머신비전 개발자 , C/C++/C#, OpenCV, MIL, PYTHON",경기용인시 기흥구
https://www.saramin.co.kr/zf_user/jobs/relay/view?isMypage=no&rec_idx=46025032,Python 백엔드 개발자,서울마포구
https://www.saramin.co.kr/zf_user/jobs/relay/view?isMypage=no&rec_idx=46167833,[핀테크/python] 백엔드 엔지니어 (6년 이상),서울중구
https://www.saramin.co.kr/zf_user/jobs/relay/view?isMypage=no&rec_idx=46145248,프로그램개발자 모집합니다,부산사상구
https://www.saramin.co.kr/zf_user/jobs/relay/view?isMypage=no&rec_idx=46257844,[아이디어키] 기획개발팀 신입/경력 채용,서울강남구
https://www.saramin.co.kr/zf_user/jobs/relay/view?isMypage=no&rec_idx=46210239,솔루션 기술지원 엔지니어 채용 [erwin],서울강남구
https://www.saramin.co.kr/zf_user/jobs/relay/view?isMypage=no&rec_idx=46127241,[안랩-제이슨] 신입 및 경력 모집_빅데이터/컨설턴트/기획,서울마포구
https://www.saramin.co.kr/zf_user/jobs/relay/view?isMypage=no&rec_idx=46262934,[베스텔라랩] 측위 S/W 개발자(서울/경기/대구)(병특가능),서울마포구
https://www.saramin.co.kr/zf_user/jobs/relay/view?isMypage=no&rec_idx=46087745,"Qoo10 기술본부 경력 채용 (시스템 엔지니어, DBA, 보안)",서울강남구
https://www.saramin.co.kr/zf_user/jobs/relay/view?isMypage=no&rec_idx=46244650,[경력] 기구설계 및 소프트웨어 개발자 채용,경기화성시
https://www.saramin.co.kr/zf_user/jobs/relay/view?isMypage=no&rec_idx=45922967,주니어 데브옵스 엔지니어(DevOps Engineer),서울서초구
https://www.saramin.co.kr/zf_user/jobs/relay/view?isMypage=no&rec_idx=45961723,[패스오더] 급성장중인 스타트업 '그로스 마케터' 채용,부산부산진구
https://www.saramin.co.kr/zf_user/jobs/relay/view?isMypage=no&rec_idx=45961232,[패스오더] 급성장중인 스타트업 'Back-End 개발자' 채용,서울강남구
https://www.saramin.co.kr/zf_user/jobs/relay/view?isMypage=no&rec_idx=45961729,[패스오더] 급성장중인 스타트업 '데이터 엔지니어' 채용,부산부산진구
https://www.saramin.co.kr/zf_user/jobs/relay/view?isMypage=no&rec_idx=46237808,전 직무 채용 [물류자동화/개발/설계/사업기획/영업지원],경기성남시 분당구
https://www.saramin.co.kr/zf_user/jobs/relay/view?isMypage=no&rec_idx=46246895,[부산/개발자] IT서비스 개발팀 개발자 모집,부산부산진구
https://www.saramin.co.kr/zf_user/jobs/relay/view?isMypage=no&rec_idx=46260760,전산프로그래머 신입/경력 채용,대구동구
https://www.saramin.co.kr/zf_user/jobs/relay/view?isMypage=no&rec_idx=46258404,[NDSOFT] 23년도 하반기 번역 개발 부문(부산본사),부산해운대구
https://www.saramin.co.kr/zf_user/jobs/relay/view?isMypage=no&rec_idx=46258419,[NDSOFT] 23년도 하반기 번역 개발 부문(서울지사),서울강남구
https://www.saramin.co.kr/zf_user/jobs/relay/view?isMypage=no&rec_idx=46173070,통합정산시스템 백엔드 개발자-주니어,서울강남구
https://www.saramin.co.kr/zf_user/jobs/relay/view?isMypage=no&rec_idx=46254041,[아이브릭스] 기업부설연구소 채용공고,경기성남시 분당구
https://www.saramin.co.kr/zf_user/jobs/relay/view?isMypage=no&rec_idx=46204472,Product Development(design/Frontend/Backend)채용,서울강남구
https://www.saramin.co.kr/zf_user/jobs/relay/view?isMypage=no&rec_idx=46203146,2023 하반기 금융 사업팀 개발자 신입/경력 직원 채용,서울구로구
https://www.saramin.co.kr/zf_user/jobs/relay/view?isMypage=no&rec_idx=46204382,"Cloud Platform (백엔드, 프론트엔드 등) 채용",서울강남구
https://www.saramin.co.kr/zf_user/jobs/relay/view?isMypage=no&rec_idx=46239661,[스타트업-빠른성장중] 인사/마케팅/서비스기획/분석가 외 다수,서울강남구
https://www.saramin.co.kr/zf_user/jobs/relay/view?isMypage=no&rec_idx=46241936,데이터분석가 채용,경기성남시 분당구
https://www.saramin.co.kr/zf_user/jobs/relay/view?isMypage=no&rec_idx=46242947,웹 개발자 채용,서울전체
https://www.saramin.co.kr/zf_user/jobs/relay/view?isMypage=no&rec_idx=46261078,Hybrid&AI Platform Cloud (Pre-Sales/Developer/Engineer) 채용,서울강남구
https://www.saramin.co.kr/zf_user/jobs/relay/view?isMypage=no&rec_idx=46276231,(주)데이터마케팅코리아 AI솔루션 개발 전문가 수시채용 공고,서울강남구
https://www.saramin.co.kr/zf_user/jobs/relay/view?isMypage=no&rec_idx=46085260,"[파두 FADU] 반도체 SSD, SoC 연구개발 엔지니어/전문연구요원",서울강남구
https://www.saramin.co.kr/zf_user/jobs/relay/view?isMypage=no&rec_idx=46123151,[DNBSOFT] 웹 개발자 모집 (백엔드),서울강남구
https://www.saramin.co.kr/zf_user/jobs/relay/view?isMypage=no&rec_idx=46121875,AI 서비스 연구 개발 - 자연어처리/빅데이터 분석,서울중구
https://www.saramin.co.kr/zf_user/jobs/relay/view?isMypage=no&rec_idx=46238828,웹 FrontEnd 개발자 채용 (신입/경력),서울강남구
https://www.saramin.co.kr/zf_user/jobs/relay/view?isMypage=no&rec_idx=46238339,S/W 제품 개발 및 Java개발자,서울중구
https://www.saramin.co.kr/zf_user/jobs/relay/view?isMypage=no&rec_idx=46271477,[주4.5일] 데이터 연구/분석자 채용,서울구로구
https://www.saramin.co.kr/zf_user/jobs/relay/view?isMypage=no&rec_idx=46117096,상반기 R&D 대규모 채용 (데이터분석/사이언티스트),서울강남구
https://www.saramin.co.kr/zf_user/jobs/relay/view?isMypage=no&rec_idx=46182396,[노르마]각 부문별 개발자 채용(병역특례가능),서울성동구
https://www.saramin.co.kr/zf_user/jobs/relay/view?isMypage=no&rec_idx=46274247,히어로웍스 2023 하반기 데이터분석가(신입/경력) 모집 공고,부산해운대구
https://www.saramin.co.kr/zf_user/jobs/relay/view?isMypage=no&rec_idx=46139259,[둥지-개발팀] 백엔드 앱/웹 개발자 채용,서울강남구
https://www.saramin.co.kr/zf_user/jobs/relay/view?isMypage=no&rec_idx=46253671,디지털 헬스케어 및 데이터 분석 전문가,서울관악구
https://www.saramin.co.kr/zf_user/jobs/relay/view?isMypage=no&rec_idx=46087169,(주4일 스타트업) 회로설계 및 펌웨어 개발,서울마포구
https://www.saramin.co.kr/zf_user/jobs/relay/view?isMypage=no&rec_idx=46270521,2023년 각 부문 신입 및 경력 채용,경북구미시
https://www.saramin.co.kr/zf_user/jobs/relay/view?isMypage=no&rec_idx=46145846,AI 연구원 (신입/경력/전문연구요원) 채용,서울영등포구
https://www.saramin.co.kr/zf_user/jobs/relay/view?isMypage=no&rec_idx=46276016,보안관제 운영 신입/경력사원 채용공고,서울서초구
https://www.saramin.co.kr/zf_user/jobs/relay/view?isMypage=no&rec_idx=46190581,[인텔리전스랩스] 데이터 분석가 (메이플스토리 게임 분석),경기성남시 분당구
https://www.saramin.co.kr/zf_user/jobs/relay/view?isMypage=no&rec_idx=46046281,[네오플] 게임그래픽 직군 분야별 모집,제주제주시
https://www.saramin.co.kr/zf_user/jobs/relay/view?isMypage=no&rec_idx=46030487,[네오플] 프로그래머/엔지니어 인재 모집,제주제주시
https://www.saramin.co.kr/zf_user/jobs/relay/view?isMypage=no&rec_idx=46083437,서울대학교병원 데이터 엔지니어 채용,서울종로구
https://www.saramin.co.kr/zf_user/jobs/relay/view?isMypage=no&rec_idx=46265771,한국생산기술연구원(인천) 연구개발 보조,인천연수구
https://www.saramin.co.kr/zf_user/jobs/relay/view?isMypage=no&rec_idx=46094091,LG디스플레이 Vision S/W 분야 경력 상시채용,서울강서구
https://www.saramin.co.kr/zf_user/jobs/relay/view?isMypage=no&rec_idx=46241450,백엔드(백오피스) 개발자 경력직 채용,서울강남구
https://www.saramin.co.kr/zf_user/jobs/relay/view?isMypage=no&rec_idx=46166825,2023년 하반기 각 부문 신입/경력 상시 채용,서울서초구
https://www.saramin.co.kr/zf_user/jobs/relay/view?isMypage=no&rec_idx=46171829,Azure infra 구축 엔지니어,서울강남구
https://www.saramin.co.kr/zf_user/jobs/relay/view?isMypage=no&rec_idx=46242326,[네오오토] 정보전략팀/제조기술팀 신입 및 경력직 채용,충남예산군
https://www.saramin.co.kr/zf_user/jobs/relay/view?isMypage=no&rec_idx=46263502,SW Application 개발,경기전체
https://www.saramin.co.kr/zf_user/jobs/relay/view?isMypage=no&rec_idx=46026842,사내 IT Infra 담당자 채용,서울전체
https://www.saramin.co.kr/zf_user/jobs/relay/view?isMypage=no&rec_idx=46247691,[아프리카TV] 서버운영 및 모니터링 (Operation Engineer),서울서초구
https://www.saramin.co.kr/zf_user/jobs/relay/view?isMypage=no&rec_idx=46257198,[제이에스티나] CRM부문 경력직 모집,서울송파구
https://www.saramin.co.kr/zf_user/jobs/relay/view?isMypage=no&rec_idx=46252100,[동국시스템즈] 빅데이터/클라우드 솔루션개발 및 기술지원 채용,서울중구
https://www.saramin.co.kr/zf_user/jobs/relay/view?isMypage=no&rec_idx=46051941,[뮤직플랫폼FLO] Backend(Junior) 개발자,서울서초구
https://www.saramin.co.kr/zf_user/jobs/relay/view?isMypage=no&rec_idx=46204098,시너스텍(주) S/W팀 수시채용,경기성남시 분당구
https://www.saramin.co.kr/zf_user/jobs/relay/view?isMypage=no&rec_idx=45856444,(주)덱스터스튜디오 VP본부 채용,서울마포구
https://www.saramin.co.kr/zf_user/jobs/relay/view?isMypage=no&rec_idx=46220530,다날 시스템 운영 및 관제 부문 신입 채용,서울서초구
https://www.saramin.co.kr/zf_user/jobs/relay/view?isMypage=no&rec_idx=46251025,DevOps,서울전체
https://www.saramin.co.kr/zf_user/jobs/relay/view?isMypage=no&rec_idx=46275624,인프라 Oracle DBA 업무 및 통합DB(MSSQL) 운영 담당자 모집,서울강남구
https://www.saramin.co.kr/zf_user/jobs/relay/view?isMypage=no&rec_idx=46096898,㈜지엔코 시스템부문 개발팀 및 전산운영팀 경력직원 채용,서울송파구
https://www.saramin.co.kr/zf_user/jobs/relay/view?isMypage=no&rec_idx=45121052,[에너지IT기업 해줌] 데이터 분석(Data Analysis),서울전체
https://www.saramin.co.kr/zf_user/jobs/relay/view?isMypage=no&rec_idx=46256198,DBMS 연구 개발자 모집,서울강남구
https://www.saramin.co.kr/zf_user/jobs/relay/view?isMypage=no&rec_idx=46094834,[병역특례] 인공지능연구원 (전문연구요원),서울강남구
https://www.saramin.co.kr/zf_user/jobs/relay/view?isMypage=no&rec_idx=46214059,위성영상 연구개발 정규직 채용,대전유성구
https://www.saramin.co.kr/zf_user/jobs/relay/view?isMypage=no&rec_idx=46088454,백엔드/서버개발/Java 응용프로그램 개발(경력자) 채용,서울영등포구
https://www.saramin.co.kr/zf_user/jobs/relay/view?isMypage=no&rec_idx=46217633,JAVA 웹 개발자 정규직 채용 (신입 / 경력 2년 이상),서울영등포구
https://www.saramin.co.kr/zf_user/jobs/relay/view?isMypage=no&rec_idx=46262046,[삼성SDS자회사] (주)시큐아이 경력사원 채용(개발CLIENT),서울종로구
https://www.saramin.co.kr/zf_user/jobs/relay/view?isMypage=no&rec_idx=46263929,[면접비 지급] 인공지능 기반 머신비전 연구개발,경기화성시
https://www.saramin.co.kr/zf_user/jobs/relay/view?isMypage=no&rec_idx=45905723,데이터 분석 컨설턴트 채용 공고(신입/경력),경기성남시 분당구
https://www.saramin.co.kr/zf_user/jobs/relay/view?isMypage=no&rec_idx=46199826,[뉴로메카] 제품개발그룹 인력 채용,서울성동구
https://www.saramin.co.kr/zf_user/jobs/relay/view?isMypage=no&rec_idx=46220241,시스템 개발자 채용,서울강남구
https://www.saramin.co.kr/zf_user/jobs/relay/view?isMypage=no&rec_idx=45937539,"[WebDeveloper] 웹 개발자 (정규직, 신입, 경력)",대전유성구
https://www.saramin.co.kr/zf_user/jobs/relay/view?isMypage=no&rec_idx=46094323,인프라 운영 관리( 시스템 엔지니어 ) #유연근무#정규직#선릉역,서울강남구
https://www.saramin.co.kr/zf_user/jobs/relay/view?isMypage=no&rec_idx=46262930,2023년 7월 R&D 경력사원 모집 (BMS 개발센터),대전유성구
https://www.saramin.co.kr/zf_user/jobs/relay/view?isMypage=no&rec_idx=46041798,(주)푸드테크 IT부문 데이터 엔지니어 채용,서울강남구
https://www.saramin.co.kr/zf_user/jobs/relay/view?isMypage=no&rec_idx=45879053,클라우드엔지니어/서비스 보안/IT인프라/클라우드 운영관리,서울금천구
https://www.saramin.co.kr/zf_user/jobs/relay/view?isMypage=no&rec_idx=46265537,컨설팅부문 Technology Transformation팀 인턴,서울영등포구
https://www.saramin.co.kr/zf_user/jobs/relay/view?isMypage=no&rec_idx=46210099,2023년도 제3차 계약직 공개 채용 공고 [연구직],광주북구
https://www.saramin.co.kr/zf_user/jobs/relay/view?isMypage=no&rec_idx=46204693,RPA 및 사내 시스템 개발 및 운영,경기전체
https://www.saramin.co.kr/zf_user/jobs/relay/view?isMypage=no&rec_idx=46258087,[대구] 전략기획본부 SW개발파트(데이터 분석) 신입/경력 채용,대구중구
https://www.saramin.co.kr/zf_user/jobs/relay/view?isMypage=no&rec_idx=46258201,[대구] 전략기획본부 SW개발파트(웹 개발) 신입/경력 채용,대구중구
https://www.saramin.co.kr/zf_user/jobs/relay/view?isMypage=no&rec_idx=46272395,컴퓨터 비전 딥러닝/머신러닝 개발자(영상인식) 경력무관,경기용인시 처인구
https://www.saramin.co.kr/zf_user/jobs/relay/view?isMypage=no&rec_idx=45478853,서버/백엔드 신입 및 경력,경기전체
https://www.saramin.co.kr/zf_user/jobs/relay/view?isMypage=no&rec_idx=46196502,응용 SW 개발자 (신입/주니어),서울강남구
https://www.saramin.co.kr/zf_user/jobs/relay/view?isMypage=no&rec_idx=46227626,백엔드 개발자 추가 채용 [강남구],서울강남구
https://www.saramin.co.kr/zf_user/jobs/relay/view?isMypage=no&rec_idx=46251693,(주)알엠소프트 AI/빅데이터 모집,대구동구
https://www.saramin.co.kr/zf_user/jobs/relay/view?isMypage=no&rec_idx=46270115,임상연구 DM - PM Part 추가 모집 (CRC 경력 우대),서울성동구
https://www.saramin.co.kr/zf_user/jobs/relay/view?isMypage=no&rec_idx=46271815,[정규직/거주지원/복리최상] 나스닥상장사 반도체장비 SWE 채용,경기파주시
https://www.saramin.co.kr/zf_user/jobs/relay/view?isMypage=no&rec_idx=46272064,"음악 모니터링 데이터 통계 및 분석, insight 도출",서울노원구
https://www.saramin.co.kr/zf_user/jobs/relay/view?isMypage=no&rec_idx=46272662,"(지성이노솔)PLC, PC, Robot 관심자 찾습니다. 신입/경력 채용",광주광산구
https://www.saramin.co.kr/zf_user/jobs/relay/view?isMypage=no&rec_idx=46106440,데이터 엔지니어(BI 개발자) 채용(신입/경력),서울강남구
https://www.saramin.co.kr/zf_user/jobs/relay/view?isMypage=no&rec_idx=46266356,Data Scientist(Junior),서울마포구
https://www.saramin.co.kr/zf_user/jobs/relay/view?isMypage=no&rec_idx=46258626,마케팅 데이터 분석가 채용,서울강남구
https://www.saramin.co.kr/zf_user/jobs/relay/view?isMypage=no&rec_idx=46192041,백엔드 개발자 모집,서울강남구
https://www.saramin.co.kr/zf_user/jobs/relay/view?isMypage=no&rec_idx=46251571,웹 개발자 채용,광주동구
https://www.saramin.co.kr/zf_user/jobs/relay/view?isMypage=no&rec_idx=46222825,[본사/월 285만/자체직] '코데이터' 업무자동화시스템(RPA) 관리,서울영등포구
https://www.saramin.co.kr/zf_user/jobs/relay/view?isMypage=no&rec_idx=46266176,하나제약(주) 각 부문 채용,서울강남구
https://www.saramin.co.kr/zf_user/jobs/relay/view?isMypage=no&rec_idx=46277225,서울대학교 산학협력단 / 서울대 AI연구원 AI양재허브센터 (5명),서울서초구
https://www.saramin.co.kr/zf_user/jobs/relay/view?isMypage=no&rec_idx=46275081,S/W개발 신입/경력 공개채용,서울금천구
https://www.saramin.co.kr/zf_user/jobs/relay/view?isMypage=no&rec_idx=43226714,K8S Product Support Engineer,서울전체
https://www.saramin.co.kr/zf_user/jobs/relay/view?isMypage=no&rec_idx=46261480,"이노팸 공간정보, 원격탐사 AI 연구원, 개발자 공개 채용",서울용산구
https://www.saramin.co.kr/zf_user/jobs/relay/view?isMypage=no&rec_idx=46243862,"경영지원 대규모 채용 (HR, Finance, Legal, CES, CLS 등)",서울송파구
https://www.saramin.co.kr/zf_user/jobs/relay/view?isMypage=no&rec_idx=46256020,[신입/경력] WebRTC UC & Collaboration Frontend Developer,서울금천구
https://www.saramin.co.kr/zf_user/jobs/relay/view?isMypage=no&rec_idx=46253142,데이터 분석 담당자 (사원-과장급),서울종로구
https://www.saramin.co.kr/zf_user/jobs/relay/view?isMypage=no&rec_idx=45148197,[경력] Database 관리 경력사원 모집,서울마포구
https://www.saramin.co.kr/zf_user/jobs/relay/view?isMypage=no&rec_idx=45978396,[오산/세마역 10분]반도체장비회사 연구소 신입/경력 채용,경기오산시
https://www.saramin.co.kr/zf_user/jobs/relay/view?isMypage=no&rec_idx=46257486,(주)이오테크닉스 개발자 모집 (제어SW),경기안양시 동안구
https://www.saramin.co.kr/zf_user/jobs/relay/view?isMypage=no&rec_idx=46193518,[다우키움그룹사/본사] 다우기술 IT운영 엔지니어 모집,경기용인시 수지구
https://www.saramin.co.kr/zf_user/jobs/relay/view?isMypage=no&rec_idx=45958483,(주)솔리드이엔지 사무직 - 클라우드 기술 신입사원 모집,대전유성구
https://www.saramin.co.kr/zf_user/jobs/relay/view?isMypage=no&rec_idx=46178251,[넛지헬스케어] 백엔드개발 채용전환형 인턴,서울강남구
https://www.saramin.co.kr/zf_user/jobs/relay/view?isMypage=no&rec_idx=46232069,국립암센터 인공지능 데이터셋 구축 과제연구원 채용,경기고양시 일산동구
https://www.saramin.co.kr/zf_user/jobs/relay/view?isMypage=no&rec_idx=46181045,[클라우드네트웍스] 클라우드시스템 엔지니어 모집 (신입/경력),서울강남구
https://www.saramin.co.kr/zf_user/jobs/relay/view?isMypage=no&rec_idx=45533814,(주)한컴위드 프론트엔드 개발직군 채용,경기성남시 분당구
https://www.saramin.co.kr/zf_user/jobs/relay/view?isMypage=no&rec_idx=46088072,[㈜테크웨이즈] 각 부문별 신입·경력사원 모집,경기용인시 수지구
https://www.saramin.co.kr/zf_user/jobs/relay/view?isMypage=no&rec_idx=46213254,2023 전국 대규모 공개채용 [신입/경력] Automation 분야,전국
https://www.saramin.co.kr/zf_user/jobs/relay/view?isMypage=no&rec_idx=46211952,R&D 연구원 신입/경력 채용(울산),울산남구
https://www.saramin.co.kr/zf_user/jobs/relay/view?isMypage=no&rec_idx=46257178,[삼성SDS자회사] (주)시큐아이 경력사원 채용공고(관제운영),서울종로구
https://www.saramin.co.kr/zf_user/jobs/relay/view?isMypage=no&rec_idx=46259442,SW개발 및 백엔드 개발자 모집 (마감 일자 및 모집 인원 수정),서울구로구
https://www.saramin.co.kr/zf_user/jobs/relay/view?isMypage=no&rec_idx=46219519,[쿠팡풀필먼트서비스] 물류센터 데이터 운영 담당자(시흥1),경기시흥시
https://www.saramin.co.kr/zf_user/jobs/relay/view?isMypage=no&rec_idx=46258360,[NDSOFT] 23년도 하반기 서비스 개발 부문(부산본사),부산해운대구
https://www.saramin.co.kr/zf_user/jobs/relay/view?isMypage=no&rec_idx=46258382,[NDSOFT] 23년도 하반기 서비스 개발 부문(서울지사),서울강남구
https://www.saramin.co.kr/zf_user/jobs/relay/view?isMypage=no&rec_idx=46275669,데이터 분석가 신입/경력 채용,서울전체
https://www.saramin.co.kr/zf_user/jobs/relay/view?isMypage=no&rec_idx=46027136,[DBA/정보보안/QA/데이터분석],서울서초구
https://www.saramin.co.kr/zf_user/jobs/relay/view?isMypage=no&rec_idx=46096839,주니어 데이터 분석가 / 데이터 사이언티스트,서울영등포구
https://www.saramin.co.kr/zf_user/jobs/relay/view?isMypage=no&rec_idx=46262888,백엔드 개발자 채용,서울서초구
https://www.saramin.co.kr/zf_user/jobs/relay/view?isMypage=no&rec_idx=46172233,SFA 2023년 특별채용 (우수 전문학사),충남아산시
https://www.saramin.co.kr/zf_user/jobs/relay/view?isMypage=no&rec_idx=46170615,2023 ㈜아이스크림아트 각 부문별 공개 채용,서울강남구
https://www.saramin.co.kr/zf_user/jobs/relay/view?isMypage=no&rec_idx=46271447,"AI 연구 인턴 모집 (헬스케어, 의료데이터 기반)",서울강남구
https://www.saramin.co.kr/zf_user/jobs/relay/view?isMypage=no&rec_idx=46275250,(주)리파인 각 부문별 신입/경력 채용공고,서울강남구
https://www.saramin.co.kr/zf_user/jobs/relay/view?isMypage=no&rec_idx=46267638,2023 백엔드 개발자/데이터 사이언티스트(통계학 전공 포함),서울서대문구
https://www.saramin.co.kr/zf_user/jobs/relay/view?isMypage=no&rec_idx=46277591,개발부문 Web (F/E B/E) 파트 신입 모집,서울마포구
https://www.saramin.co.kr/zf_user/jobs/relay/view?isMypage=no&rec_idx=46274750,[다우키움그룹] 2023년 다우데이타 3분기 채용,서울마포구
https://www.saramin.co.kr/zf_user/jobs/relay/view?isMypage=no&rec_idx=46249726,웹개발 정규직 채용(신입/경력),서울금천구
https://www.saramin.co.kr/zf_user/jobs/relay/view?isMypage=no&rec_idx=46262303,[하나텍시스템] 연구소 개발자 대규모 수시채용 진행중,경기광명시
https://www.saramin.co.kr/zf_user/jobs/relay/view?isMypage=no&rec_idx=45602030,[리트빅] 부문별 신입/경력 인재 채용,경기성남시 분당구
https://www.saramin.co.kr/zf_user/jobs/relay/view?isMypage=no&rec_idx=46125932,오토플러스(주) JAVA 담당자 채용,서울영등포구
https://www.saramin.co.kr/zf_user/jobs/relay/view?isMypage=no&rec_idx=46241786,[첨단소재] 7월 전지소재 분야 경력사원 모집(서울/대전/청주),대전유성구
https://www.saramin.co.kr/zf_user/jobs/relay/view?isMypage=no&rec_idx=46270734,[외국계제조업] MES/생산관리시스템,충북음성군
https://www.saramin.co.kr/zf_user/jobs/relay/view?isMypage=no&rec_idx=46195138,[여의도/본사] 현대카드 데이터분석/SQL/추출/통계 담당 채용,서울영등포구
https://www.saramin.co.kr/zf_user/jobs/relay/view?isMypage=no&rec_idx=46274067,[강소기업] 23년 하반기 프로그램 개발자 신입채용 (LGCNS U-camp교육제공),서울전체
https://www.saramin.co.kr/zf_user/jobs/relay/view?isMypage=no&rec_idx=46205668,[직영] DYB최선어학원 각 부문 STAFF 모집,서울강남구
https://www.saramin.co.kr/zf_user/jobs/relay/view?isMypage=no&rec_idx=46261614,[카카오자회사] 카카오공동체 상담시스템 솔루션 개발,경기성남시 분당구
https://www.saramin.co.kr/zf_user/jobs/relay/view?isMypage=no&rec_idx=46260607,대구본부 AI&Big Data 서비스 풀스택 웹개발자(신입/경력),대구수성구
https://www.saramin.co.kr/zf_user/jobs/relay/view?isMypage=no&rec_idx=45994903,개발자채용 (웹개발자/Frontend개발자/Backend개발자/Android개발자/IOS개발자),서울마포구
https://www.saramin.co.kr/zf_user/jobs/relay/view?isMypage=no&rec_idx=46273310,신입 소프트웨어 엔지니어 채용,서울성동구
https://www.saramin.co.kr/zf_user/jobs/relay/view?isMypage=no&rec_idx=46267813,시스템 엔지니어 신입 및 경력 모집,서울강남구
https://www.saramin.co.kr/zf_user/jobs/relay/view?isMypage=no&rec_idx=46255778,[국비지원 무료교육] 항공우주전문인력양성사업 항공ICT 설계 융합 엔지니어 양성 과정(2차) 교육생 모집,서울마포구
https://www.saramin.co.kr/zf_user/jobs/relay/view?isMypage=no&rec_idx=46261809,[주3일출근] 프론트앤드 및 서버개발자 모집,서울영등포구
https://www.saramin.co.kr/zf_user/jobs/relay/view?isMypage=no&rec_idx=46275924,[SPC그룹] Secta9ine 각 부분 경력사원 채용,서울강남구
https://www.saramin.co.kr/zf_user/jobs/relay/view?isMypage=no&rec_idx=46252763,"2023년 나비엠알오 전략소싱(MD), IT, 고객지원(CS 계약직) 채용",서울금천구
https://www.saramin.co.kr/zf_user/jobs/relay/view?isMypage=no&rec_idx=46226055,[처음소프트] IT개발(JAVA·Spring·JSP) 웹개발자 신입/경력채,서울강남구
https://www.saramin.co.kr/zf_user/jobs/relay/view?isMypage=no&rec_idx=46196228,[HL Klemove] 2023 하반기 1차 신입/경력 채용 (R&D),경기성남시 수정구
https://www.saramin.co.kr/zf_user/jobs/relay/view?isMypage=no&rec_idx=46189012,"[HL만도] 2023년 Brake BU 경력/신입 채용(평택, 화성, 판교)",경기평택시
https://www.saramin.co.kr/zf_user/jobs/relay/view?isMypage=no&rec_idx=46251244,[코스닥상장사] 경영관리 담당자 채용,서울송파구
https://www.saramin.co.kr/zf_user/jobs/relay/view?isMypage=no&rec_idx=46147536,"(주)디엑솜 공개채용 [임상,기획팀,Bioinformatics,선행연구,QC]",경기성남시 분당구
https://www.saramin.co.kr/zf_user/jobs/relay/view?isMypage=no&rec_idx=46146960,"Senior, Application Operation Engineer",서울강남구
https://www.saramin.co.kr/zf_user/jobs/relay/view?isMypage=no&rec_idx=46268403,DBA - Cloud DB팀,서울강남구
https://www.saramin.co.kr/zf_user/jobs/relay/view?isMypage=no&rec_idx=46198551,2023년 하반기 신입/경력사원 채용,서울서초구
https://www.saramin.co.kr/zf_user/jobs/relay/view?isMypage=no&rec_idx=46244493,[PVCS] 쇼룸 직원 채용 공고,서울용산구
https://www.saramin.co.kr/zf_user/jobs/relay/view?isMypage=no&rec_idx=46217024,각 부문 신입 및 경력 모집,경남창원시
https://www.saramin.co.kr/zf_user/jobs/relay/view?isMypage=no&rec_idx=46222212,(SK계열사) 하반기 신입 및 경력직원 채용공고,경기군포시
https://www.saramin.co.kr/zf_user/jobs/relay/view?isMypage=no&rec_idx=46233107,2023년도 하반기 공개채용,전국
https://www.saramin.co.kr/zf_user/jobs/relay/view?isMypage=no&rec_idx=46257236,[서울대병원 1호 스타트업] 2023 하반기 대규모 인재채용,서울종로구
https://www.saramin.co.kr/zf_user/jobs/relay/view?isMypage=no&rec_idx=46263586,KFC 각 부문별 신입/경력 채용 [전략기획/CS/영업지원/노무/법무/IT],서울송파구
https://www.saramin.co.kr/zf_user/jobs/relay/view?isMypage=no&rec_idx=46269577,광양 아파트 현장 안전감시단 채용(OK 세이프티),전남광양시
https://www.saramin.co.kr/zf_user/jobs/relay/view?isMypage=no&rec_idx=46242779,[(주)제이스퓨처] 웹/모바일 앱 서비스 기획자 모집(신입),경기과천시
https://www.saramin.co.kr/zf_user/jobs/relay/view?isMypage=no&rec_idx=46169327,CREVERSE 신입/경력사원 수시채용,서울강남구
https://www.saramin.co.kr/zf_user/jobs/relay/view?isMypage=no&rec_idx=46211862,㈜하나기술 2023년 하반기 각 부문별 직원 채용 공고,경기용인시
https://www.saramin.co.kr/zf_user/jobs/relay/view?isMypage=no&rec_idx=46270713,2023년 동성건설㈜ 각 부문별 신입/경력 채용,대전유성구
https://www.saramin.co.kr/zf_user/jobs/relay/view?isMypage=no&rec_idx=46186781,부문별 신입/경력 공개채용,경기화성시
https://www.saramin.co.kr/zf_user/jobs/relay/view?isMypage=no&rec_idx=46216336,제닉스(주) 각 부문별 채용,충남천안시 서북구
https://www.saramin.co.kr/zf_user/jobs/relay/view?isMypage=no&rec_idx=46242367,[제주 드림타워 복합리조트] 신입&경력직 대규모 채용,제주제주시
https://www.saramin.co.kr/zf_user/jobs/relay/view?isMypage=no&rec_idx=46188036,[외국계 화학] 각 부문 신입/경력 채용,서울송파구
https://www.saramin.co.kr/zf_user/jobs/relay/view?isMypage=no&rec_idx=46212786,응용 소프트웨어 개발자(PYTHON) 경력직 채용,경기하남시
https://www.saramin.co.kr/zf_user/jobs/relay/view?isMypage=no&rec_idx=46235548,[토스] Python Developer Assistant,서울강남구
https://www.saramin.co.kr/zf_user/jobs/relay/view?isMypage=no&rec_idx=46225746,Python 개발자(3년이상) 모집,서울마포구
https://www.saramin.co.kr/zf_user/jobs/relay/view?isMypage=no&rec_idx=46007552,"[채용] C# S/W 개발자, Python 응용 S/W 및 AI 로봇 개발",서울금천구
https://www.saramin.co.kr/zf_user/jobs/relay/view?isMypage=no&rec_idx=46124906,"Python/Django 개발자, 디자이너, 퍼블리셔, 기획자 신입/경력",서울강남구
https://www.saramin.co.kr/zf_user/jobs/relay/view?isMypage=no&rec_idx=46091640,특허/상표 데이터 등 분석(Python) 및 사업 기획 모집,서울강남구
https://www.saramin.co.kr/zf_user/jobs/relay/view?isMypage=no&rec_idx=46254060,Admin 개발 (Web/Python/Django),서울마포구
https://www.saramin.co.kr/zf_user/jobs/relay/view?isMypage=no&rec_idx=46266875,"[원격/상주] 부동산 프로젝트 데이터분석가 - Python, SQL",서울전체
https://www.saramin.co.kr/zf_user/jobs/relay/view?isMypage=no&rec_idx=45971432,2023년 상반기 딥러닝/머신러닝/연구원/Python外 모집 공고,서울영등포구
https://www.saramin.co.kr/zf_user/jobs/relay/view?isMypage=no&rec_idx=45890587,"프로그래머 채용(C++,Python,C#)[대전,세종]",대전유성구
https://www.saramin.co.kr/zf_user/jobs/relay/view?isMypage=no&rec_idx=46245045,"[에이블맥스(주)] ICT기술팀 연구개발자(Python, C++ 등) 채용",서울강남구
https://www.saramin.co.kr/zf_user/jobs/relay/view?isMypage=no&rec_idx=46223881,"[신입/경력] 온라인 광고 플랫폼 개발 (Python, Django)",서울중구
https://www.saramin.co.kr/zf_user/jobs/relay/view?isMypage=no&rec_idx=46257275,REACT · PHP · PYTHON 개발자 채용,서울영등포구
https://www.saramin.co.kr/zf_user/jobs/relay/view?isMypage=no&rec_idx=46080939,[전략개발팀] Python(파이썬) 개발자,서울강남구
https://www.saramin.co.kr/zf_user/jobs/relay/view?isMypage=no&rec_idx=42358916,"[패스오더] 백엔드 개발자 (Spring, Python, MSA) (병역특례/산업기능요원/보충역/전직)",서울강남구
https://www.saramin.co.kr/zf_user/jobs/relay/view?isMypage=no&rec_idx=46023452,Python Backend 개발자 채용,경기전체
https://www.saramin.co.kr/zf_user/jobs/relay/view?isMypage=no&rec_idx=45963028,"웹프로그래머(JAVA/Spring, Vue, Angular, php, python)등",서울강서구
https://www.saramin.co.kr/zf_user/jobs/relay/view?isMypage=no&rec_idx=46214500,"프로그램 개발자 모집 ( C/C++, java, python, Linux shell)",경기성남시 분당구
https://www.saramin.co.kr/zf_user/jobs/relay/view?isMypage=no&rec_idx=46225757,[주4.5일] Python 개발직무 경력 채용,서울구로구
https://www.saramin.co.kr/zf_user/jobs/relay/view?isMypage=no&rec_idx=43750042,"(주)바이오커넥트 - [신입 및 경력] 영상처리 알고리즘 개발(Python,딥러닝)",서울전체
https://www.saramin.co.kr/zf_user/jobs/relay/view?isMypage=no&rec_idx=46238764,"[대전] 펌웨어 및 HW 개발 (C, Python)",대전유성구
https://www.saramin.co.kr/zf_user/jobs/relay/view?isMypage=no&rec_idx=45874828,"Python, .Net, C# 개발자 모집",서울서초구
https://www.saramin.co.kr/zf_user/jobs/relay/view?isMypage=no&rec_idx=46266536,"백엔드 개발자(Python, Django)",경기전체
https://www.saramin.co.kr/zf_user/jobs/relay/view?isMypage=no&rec_idx=46222631,"백엔드 엔지니어 (Python, Django)",서울중구
https://www.saramin.co.kr/zf_user/jobs/relay/view?isMypage=no&rec_idx=45565606,백엔드 엔지니어 (Python),서울마포구
https://www.saramin.co.kr/zf_user/jobs/relay/view?isMypage=no&rec_idx=46212553,어플 앱개발자(아이폰/안드로이드) / 웹개발자(PHP/Python) 채용,서울구로구
https://www.saramin.co.kr/zf_user/jobs/relay/view?isMypage=no&rec_idx=45899602,"Python&딥러닝&머신러닝 외 정규직 채용합니다(신입, 경력)",경기안양시 동안구
https://www.saramin.co.kr/zf_user/jobs/relay/view?isMypage=no&rec_idx=46218793,[인텔리전스랩스] 글로벌 빌링 서비스 백엔드 개발자(Go/Python),경기성남시 분당구
https://www.saramin.co.kr/zf_user/jobs/relay/view?isMypage=no&rec_idx=45980492,개발본부 Python 개발자,인천연수구
https://www.saramin.co.kr/zf_user/jobs/relay/view?isMypage=no&rec_idx=45990007,[안진회계법인] 공공기관 스크래핑 담당자 (Java/Python),서울영등포구
https://www.saramin.co.kr/zf_user/jobs/relay/view?isMypage=no&rec_idx=46007294,차량용 Software Test 자동화 개발(Python) 및 검증,인천서구
https://www.saramin.co.kr/zf_user/jobs/relay/view?isMypage=no&rec_idx=45865684,[운영개선팀] Python(파이썬) 개발자,서울강남구
https://www.saramin.co.kr/zf_user/jobs/relay/view?isMypage=no&rec_idx=41068534,"[패스오더] 백엔드 개발자(Spring, Python, MSA)",서울강남구
https://www.saramin.co.kr/zf_user/jobs/relay/view?isMypage=no&rec_idx=45981773,이커머스 솔루션 Python Backend 개발자,서울강남구
https://www.saramin.co.kr/zf_user/jobs/relay/view?isMypage=no&rec_idx=46023118,Python Backend 개발자 채용,경기성남시 수정구
https://www.saramin.co.kr/zf_user/jobs/relay/view?isMypage=no&rec_idx=46040484,"Back-end Engineer(AWS, Python, API) 경력 채용",서울금천구
https://www.saramin.co.kr/zf_user/jobs/relay/view?isMypage=no&rec_idx=45822957,Python(파이썬) Backend(3년 이상),서울서초구
https://www.saramin.co.kr/zf_user/jobs/relay/view?isMypage=no&rec_idx=46076925,Python 코드 작성,경기성남시 분당구
https://www.saramin.co.kr/zf_user/jobs/relay/view?isMypage=no&rec_idx=45941524,"백엔드/서버 개발자 (Django, Python)",서울강남구
https://www.saramin.co.kr/zf_user/jobs/relay/view?isMypage=no&rec_idx=46066151,IT개발·데이터(Python/Linux) 채용,서울영등포구
https://www.saramin.co.kr/zf_user/jobs/relay/view?isMypage=no&rec_idx=46056416,[국비무료IT취업과정]자바/프론트엔드/백엔드/풀스택/빅데이터외,서울강남구
https://www.saramin.co.kr/zf_user/jobs/relay/view?isMypage=no&rec_idx=46116548,[SPOTV] 데이터기획팀 데이터엔지니어 채용,서울마포구
https://www.saramin.co.kr/zf_user/jobs/relay/view?isMypage=no&rec_idx=46188420,"SW 개발(JAVA) 연구원 채용(신입, 경력 무관)",경기성남시 분당구
https://www.saramin.co.kr/zf_user/jobs/relay/view?isMypage=no&rec_idx=46207900,FW 개발(펌웨어) 연구원 경력 채용(Firmware),경기성남시 분당구
https://www.saramin.co.kr/zf_user/jobs/relay/view?isMypage=no&rec_idx=46163119,임베디드 하드웨어 및 소프트웨어 초.중급개발자 모집 [연구소],서울구로구
https://www.saramin.co.kr/zf_user/jobs/relay/view?isMypage=no&rec_idx=46110123,Java Web 개발자 정규직 채용(경력무관),서울금천구
https://www.saramin.co.kr/zf_user/jobs/relay/view?isMypage=no&rec_idx=46263428,[ 한국정보통신기술협회 ] 정보통신/소프트웨어 시험인증 연구원,경기성남시 분당구
https://www.saramin.co.kr/zf_user/jobs/relay/view?isMypage=no&rec_idx=46156707,버블콘 개발자/PM/영업/기획 신입 및 경력 채용,서울구로구
https://www.saramin.co.kr/zf_user/jobs/relay/view?isMypage=no&rec_idx=45936512,ICT융합 스마트팩토리 제어설계 교육생 모집(K-디지털),충남전체
https://www.saramin.co.kr/zf_user/jobs/relay/view?isMypage=no&rec_idx=46226422,2023년 각 부문 신입/경력 공개채용,경기수원시 영통구
https://www.saramin.co.kr/zf_user/jobs/relay/view?isMypage=no&rec_idx=46079474,[멋쟁이사자처럼] 교육 부문(신입/경력) 채용,서울종로구
https://www.saramin.co.kr/zf_user/jobs/relay/view?isMypage=no&rec_idx=45961284,[패스오더] 급성장중인 스타트업 '데브옵스 엔지니어' 채용,서울강남구
https://www.saramin.co.kr/zf_user/jobs/relay/view?isMypage=no&rec_idx=46197349,[사세확장 충원] 이미지 데이터 단순 가공(라벨링),경기안양시 동안구
https://www.saramin.co.kr/zf_user/jobs/relay/view?isMypage=no&rec_idx=46209348,웹프로그래머 채용,서울마포구
https://www.saramin.co.kr/zf_user/jobs/relay/view?isMypage=no&rec_idx=46221787,[주4.5일] Back end (JAVA) 개발자 채용,서울구로구
https://www.saramin.co.kr/zf_user/jobs/relay/view?isMypage=no&rec_idx=46224057,[의료AI] 백엔드 신입 및 경력 채용,서울서초구
https://www.saramin.co.kr/zf_user/jobs/relay/view?isMypage=no&rec_idx=46211585,"[금융SI/SM] Java, JSP 웹 개발자를 모십니다.",경기하남시
https://www.saramin.co.kr/zf_user/jobs/relay/view?isMypage=no&rec_idx=45888446,KEPCO Digital Boot Camp 전력빅데이터기반 융합SW개발자 2기 모집,광주광산구
https://www.saramin.co.kr/zf_user/jobs/relay/view?isMypage=no&rec_idx=46141160,"IT 경력직 채용(백엔드개발, 서비스기획, CRM 마케팅)",서울강남구
https://www.saramin.co.kr/zf_user/jobs/relay/view?isMypage=no&rec_idx=46112454,"에이아이티스토리 개발자 정규직 채용 (신입 가능, 경력자 우대)",서울서초구
https://www.saramin.co.kr/zf_user/jobs/relay/view?isMypage=no&rec_idx=46181799,신입 ERP 개발 및 유지보수 채용,서울금천구
https://www.saramin.co.kr/zf_user/jobs/relay/view?isMypage=no&rec_idx=46237068,[(주) 쇼엠] 개발자 신입 사원 채용,인천연수구
https://www.saramin.co.kr/zf_user/jobs/relay/view?isMypage=no&rec_idx=46029366,웹 프론트엔드 / 백엔드 신입 개발자 모집,서울중구
https://www.saramin.co.kr/zf_user/jobs/relay/view?isMypage=no&rec_idx=46097497,통계 분석 및 GIS 분석의 데이터 분석가 모십니다.,서울금천구
https://www.saramin.co.kr/zf_user/jobs/relay/view?isMypage=no&rec_idx=46093029,"프론트, 백엔드 개발자 채용 (경력)",경기의왕시
https://www.saramin.co.kr/zf_user/jobs/relay/view?isMypage=no&rec_idx=46245198,2023년 고황건설㈜ 하반기 신입/경력 채용,서울강남구
https://www.saramin.co.kr/zf_user/jobs/relay/view?isMypage=no&rec_idx=46111560,[스타랩스] 웹개발자 초/중/고/특급 채용,서울강남구
https://www.saramin.co.kr/zf_user/jobs/relay/view?isMypage=no&rec_idx=46271336,웹개발자(PHP/백엔드) 상시채용 전원 재택근무,서울마포구
https://www.saramin.co.kr/zf_user/jobs/relay/view?isMypage=no&rec_idx=43875474,디지털전략팀 경력사원 채용,경기성남시 분당구
https://www.saramin.co.kr/zf_user/jobs/relay/view?isMypage=no&rec_idx=46200525,[강남] 프론트엔드 개발자,서울강남구
https://www.saramin.co.kr/zf_user/jobs/relay/view?isMypage=no&rec_idx=46236704,"소프트웨어개발, 자재관리, 기술지원, 품질관리 분야 사원 모집",대전유성구
https://www.saramin.co.kr/zf_user/jobs/relay/view?isMypage=no&rec_idx=46264946,[AJ메인터넌스파트너스] 로봇 엔지니어 신입 모집,광주광산구
https://www.saramin.co.kr/zf_user/jobs/relay/view?isMypage=no&rec_idx=46082145,[모션테크놀로지] 2023년 하반기 각 부문 신입/경력 공개채용,서울강남구
https://www.saramin.co.kr/zf_user/jobs/relay/view?isMypage=no&rec_idx=46181477,[알에스엔] 빅데이터 기획자 분야별 신입/경력 채용,경기고양시 일산서구
https://www.saramin.co.kr/zf_user/jobs/relay/view?isMypage=no&rec_idx=46183644,의료AI 스타트업 (주)빔웍스 개발자 채용연계형 인턴 4기 모집,대구북구
https://www.saramin.co.kr/zf_user/jobs/relay/view?isMypage=no&rec_idx=46259733,[크로스체크] 개발팀 인재채용,서울강남구
https://www.saramin.co.kr/zf_user/jobs/relay/view?isMypage=no&rec_idx=46073243,HW / 임베디드 신입 및 경력 채용,경기수원시 영통구
https://www.saramin.co.kr/zf_user/jobs/relay/view?isMypage=no&rec_idx=46235143,이미지 프로세싱 알고리즘 개발 신입/경력 채용,경기안양시
https://www.saramin.co.kr/zf_user/jobs/relay/view?isMypage=no&rec_idx=46244062,"AI 서비스 개발, 백엔드개발, 빅데이터분석 경영지원",서울중구
https://www.saramin.co.kr/zf_user/jobs/relay/view?isMypage=no&rec_idx=46225400,웹 개발자 정규직 채용,서울금천구
https://www.saramin.co.kr/zf_user/jobs/relay/view?isMypage=no&rec_idx=46140655,2023년 하반기 신입 및 경력 공개채용,서울강남구
https://www.saramin.co.kr/zf_user/jobs/relay/view?isMypage=no&rec_idx=45990927,Python 시스템 개발자 신입 및 경력사원 채용,경기성남시 분당구
https://www.saramin.co.kr/zf_user/jobs/relay/view?isMypage=no&rec_idx=46210596,파이썬 개발자(신입),서울강남구
https://www.saramin.co.kr/zf_user/jobs/relay/view?isMypage=no&rec_idx=46171312,[바이브컴퍼니] 공공프로젝트 파이썬 개발자 신입 모집,서울용산구
https://www.saramin.co.kr/zf_user/jobs/relay/view?isMypage=no&rec_idx=46234867,SW프로그래머(파이썬),대구달성군
https://www.saramin.co.kr/zf_user/jobs/relay/view?isMypage=no&rec_idx=46250503,"머신러닝, 딥러닝, 파이썬 데이터 분석 개발자 모집(제주대학교)",제주제주시
https://www.saramin.co.kr/zf_user/jobs/relay/view?isMypage=no&rec_idx=46109129,[퍼블릭에이아이] 파이썬 개발자 주니어 채용,서울서초구
https://www.saramin.co.kr/zf_user/jobs/relay/view?isMypage=no&rec_idx=46275722,"[정규직]파이썬 응용프로그램/API 개발, DBMS데이터 관리",서울강남구
https://www.saramin.co.kr/zf_user/jobs/relay/view?isMypage=no&rec_idx=46079148,[알스퀘어] 파이썬 백엔드 서버 개발자 경력직 채용,서울강남구
https://www.saramin.co.kr/zf_user/jobs/relay/view?isMypage=no&rec_idx=46252290,"[데이타메이션] 파이썬, 자바 개발자 경력사원",서울구로구
https://www.saramin.co.kr/zf_user/jobs/relay/view?isMypage=no&rec_idx=46282601,[알스퀘어] 파이썬 백엔드 개발자,서울강남구
https://www.saramin.co.kr/zf_user/jobs/relay/view?isMypage=no&rec_idx=46114867,"파이썬, PHP 프로그래머 모집합니다.",서울서초구
https://www.saramin.co.kr/zf_user/jobs/relay/view?isMypage=no&rec_idx=46156008,파이썬 개발자 인력 채용,서울영등포구
https://www.saramin.co.kr/zf_user/jobs/relay/view?isMypage=no&rec_idx=46088502,"파이썬 개발자 경력사원 채용공고 - 정규직, 계약직",서울금천구
https://www.saramin.co.kr/zf_user/jobs/relay/view?isMypage=no&rec_idx=46088620,파이썬 개발자 경력사원 모집,서울금천구
https://www.saramin.co.kr/zf_user/jobs/relay/view?isMypage=no&rec_idx=45179740,파이썬 백엔드 엔지니어,서울전체
https://www.saramin.co.kr/zf_user/jobs/relay/view?isMypage=no&rec_idx=46066350,"빅데이터(자바, 파이썬) 훈련강사 모집",대구중구
https://www.saramin.co.kr/zf_user/jobs/relay/view?isMypage=no&rec_idx=46163225,자바/빅데이터/파이썬 교강사 모집,서울영등포구
https://www.saramin.co.kr/zf_user/jobs/relay/view?isMypage=no&rec_idx=46270094,C# /C++/파이선 프로그램 사용가능자 모집,경기부천시
https://www.saramin.co.kr/zf_user/jobs/relay/view?isMypage=no&rec_idx=46272759,대기업 서비스 파이썬 백앤드 개발자 모십니다.,서울강서구
https://www.saramin.co.kr/zf_user/jobs/relay/view?isMypage=no&rec_idx=45953430,"자바, 파이썬 등 개발자 과정 강의가능한 전문강사를 채용합니다",경기성남시 중원구
https://www.saramin.co.kr/zf_user/jobs/relay/view?isMypage=no&rec_idx=46218861,2023년 한국가스공사 별정직/일반직(신입/경력) 채용,대구동구
https://www.saramin.co.kr/zf_user/jobs/relay/view?isMypage=no&rec_idx=46169327,CREVERSE 신입/경력사원 수시채용,서울강남구
https://www.saramin.co.kr/zf_user/jobs/relay/view?isMypage=no&rec_idx=46236583,풀무원 각 부문 경력•신입 모집,서울강남구
https://www.saramin.co.kr/zf_user/jobs/relay/view?isMypage=no&rec_idx=46265152,VIMOSOFT 2023 하반기 대규모 채용 (신입/경력),경기안양시 동안구
https://www.saramin.co.kr/zf_user/jobs/relay/view?isMypage=no&rec_idx=46257236,[서울대병원 1호 스타트업] 2023 하반기 대규모 인재채용,서울종로구
https://www.saramin.co.kr/zf_user/jobs/relay/view?isMypage=no&rec_idx=46216336,제닉스(주) 각 부문별 채용,충남천안시 서북구
https://www.saramin.co.kr/zf_user/jobs/relay/view?isMypage=no&rec_idx=46024685,[사세확장] 각 부서별 정규직 채용,경기김포시
https://www.saramin.co.kr/zf_user/jobs/relay/view?isMypage=no&rec_idx=46246692,열매컴퍼니 신입 백엔드 개발자 채용공고,서울강남구
